menu_start_game_0|Добро пожаловать в мод Between Empires.
mno_continue|Продолжить...
mno_go_back|Назад
menu_start_phase_2|Выберите город, с которого вы хотите начать свое путешествие.
mno_town_factionleader|Столица вашей страны ({s1})
mno_town_1|Париж.
mno_town_2|Берлин.
mno_town_3|Вена.
mno_town_4|Лондон.
mno_town_5|Санкт-Петербург.
menu_start_game_3|Choose your scenario:
menu_tutorial|Вы подходите к полю, где местные жители тренируются с оружием. Вы можете попрактиковаться здесь, чтобы улучшить свои боевые навыки.
mno_go_back_dot|Назад.
menu_reports|Известность персонажа: {reg5}{s31}^Рейтинг чести: {reg6}^Мораль отряда: {reg8}^Предельный размер отряда: {reg7}^^{s50}
mno_show_pps_menu|Просмотреть меню внутренней политики фракции.
mno_show_pas_menu|Просмотр меню военного управления фракцией.
mno_show_weather_report|Просмотр отчета о погоде.
mno_reports_to_faction_technologies|Просмотр военных технологий вашей фракции.
mno_view_character_report|Просмотреть данные о персонаже.
mno_view_party_size_report|Просмотреть данные о численности отряда.
mno_view_npc_mission_report|Просмотреть задание спутника.
mno_view_weekly_budget_report|Просмотр еженедельного бюджетного отчета.
mno_view_morale_report|Просмотреть данные о моральном состоянии отряда.
mno_action_view_troop_trees|Просмотр дерева армий фракций.
mno_action_view_world_map|Мировая карта
mno_lord_relations|Вывести список отношений со знакомыми лордами.
mno_courtship_relations|Просмотреть успехи в ухаживаниях.
mno_view_faction_relations_report|Просмотреть данные об отношениях с фракциями.
mno_resume_travelling|Продолжить путешествие.
menu_custom_battle_scene|(БЕЗ ПЕРЕВОДА)
menu_custom_battle_end|Бой окончен. {s1} Ваш отряд убил {reg5} враг. и потерял {reg6} войск. Вы лично убили в бою {reg7} чел.
menu_start_game_1|Выберите пол вашего героя.
mno_start_male|Мужской
mno_start_female|Женский
menu_start_character_1|Ты родился много лет назад. Твой отец был...
mno_start_noble|Аристократом.
mno_start_merchant|Обедневшим капиталистом.
mno_start_guard|Армейским офицером.
mno_start_forester|Высокопоставленным членом организованного преступного синдиката.
mno_start_professor|Университетским профессором.
mno_start_worker|Рабочим на заводе.
mno_start_nomad|Степным кочевником.
mno_start_thief|Вором.
menu_start_character_2|{s10}^^ Вы начали познавать мир, как только научились ходить и говорить. Свои ранние годы вы провели в качестве...
mno_page|Школьника.
mno_apprentice|Рабочего на заводе.
mno_stockboy|Уличным мальчишкой.
mno_urchin|{reg3?Девочкой:Мальчиком} из новостей.
mno_nomad|Степным ребенком.
menu_start_character_3|{s11}^^ В юности ваша жизнь переменилась, как это обычно и бывает. Вы стали...
mno_student1|Студентом университета (медицина).
mno_student2|Студентом университета (инженерное дело).
mno_student3|Студентом университета (филология).
mno_troubadour|Путешествующим музыкантом.
mno_craftsman|Предпринимателем.
mno_poacher|Преступником.
mno_peddler|Северо-американским поселенецем.
mno_squire|Ветераном Крымской войны.
menu_start_character_4|{s12}^^Но вскоре все изменилось, и вы решили отправиться в путь самостоятельно, как искатель приключений. То, что заставило вас принять это решение, было...
mno_revenge|Личная месть.
mno_death|Потеря любимого человека.
mno_wanderlust|Страсть к путешествиям.
mno_disown|Были вынужденным покинуть свой дом.
mno_greed|Жажда денег и власти.
menu_choose_skill|{s13}
mno_begin_adventuring|Стать искателем приключений и отправиться на поиски судьбы.
menu_past_life_explanation|{s3}
mno_view_next|{s5}
menu_morale_report|{s1}
menu_courtship_relations|{s1}
menu_lord_relations|{s1}
menu_companion_report|{s7}{s1}
menu_character_report|{s9}
menu_party_size_report|{s1}
menu_faction_relations_report|{s1}
menu_camp|Вы разбиваете лагерь. Что вы хотите сделать?
mno_camp_action|Предпринять действие.
mno_camp_wait_here|Подождать здесь некоторое время.
mno_camp_cheat|МЕНЮ ЧИТ-КОДОВ!
menu_camp_cheat|Выберите чит:
mno_start_civil_war_in_belgium|Начало гражданской войны в Бельгии.
mno_jump_to_socialism_rebellion_won|Перейти к меню либерального восстания.
mno_camp_cheat_400_pes_pps_iterations|Имитировать 400 итераций PES/PPS.
mno_camp_cheat_20_pes_pps_iterations|Имитировать 20 итераций PES/PPS.
mno_camp_cheat_dds|Открыть отладочные дисплеи.
mno_display_pas_debug_messages|Переключать отображение отладочных сообщений PAS.
mno_camp_cheat_all_factions_research_all_tech|Пусть все фракции немедленно исследуют все технологии.
mno_camp_cheat_find_item|Найти предмет...
menu_camp_action|Выберите действие:
mno_camp_action_pas_enlistment_retire|Уйти со службы.
mno_camp_recruit_prisoners|Завербовать некоторых из ваших пленников в свой отряд.
mno_action_read_book|Выбрать книгу для чтения.
mno_action_rename_kingdom2|Переименовать фракцию.
mno_action_rename_kingdom|Изменить настройки фракции.
mno_action_change_flag|Изменить флаг вашей нации.
mno_action_promote_kingdom_custom_troop|Настройте армию своей фракции.
mno_change_game_speed|Измените скорость игры. (текущая скорость - {reg0} дней в году).
mno_enable_ironsight|Переключить режим железного прицела.
mno_action_retire|Прекратить жизнь искателя приключений.
mno_camp_action_4|Вернуться к меню лагеря.
menu_camp_recruit_prisoners|Вы предлагаете своим пленникам свободу, если они согласятся присоединиться к вам как воины. {s18}
mno_camp_recruit_prisoners_accept|Взять их.
mno_camp_recruit_prisoners_reject|Отказать им.
menu_camp_no_prisoners|У вас нет пленников для их вербовки.
menu_camp_action_read_book|Выберите книгу для чтения:
mno_action_read_book_1|{s1}.
mno_action_read_book_2|{s1}.
mno_action_read_book_3|{s1}.
mno_action_read_book_4|{s1}.
mno_action_read_book_5|{s1}.
mno_action_read_book_6|{s1}.
mno_action_read_book_7|{s1}.
menu_camp_action_read_book_start|{s1}
menu_retirement_verify|Сегодня {reg0}-й день ваших приключений. Ваше состояние составляет {reg1} динар. Вы уверены, что хотите уйти на покой?
mno_retire_yes|Да.
mno_retire_no|Нет.
menu_end_game|Решение принято: пора прекратить скитания. Уже нет ни сил, ни желания искать новые приключения. Вы продаете оружие и доспехи, распускаете отряд и находите тихое пристанище подальше от войн и неурядиц...
mno_end_game_bye|Прощайте.
menu_cattle_herd|Вы натыкаетесь на стадо скота.
mno_cattle_drive_away|Погнать стадо вперед.
mno_cattle_stop|Остановить стадо.
mno_cattle_kill|Забить несколько животных.
mno_leave|Уйти.
menu_cattle_herd_kill|Сколько животных вы хотите забить?
mno_cattle_kill_1|Одно.
mno_cattle_kill_2|Два.
mno_cattle_kill_3|Три.
mno_cattle_kill_4|Четыре.
mno_cattle_kill_5|Пять.
menu_arena_duel_fight|Вы и ваш противник готовитесь к дуэли.
menu_simple_encounter|{s2} Вы имеете {reg10} готовых к бою воинов против {reg11} вражеских.
mno_encounter_attack_deployment|Изменить план развертывания войск.
mno_encounter_attack|Начать битву.
mno_encounter_order_attack|Приказать своим воинам атаковать без вас.
mno_encounter_leave|Уйти.
mno_encounter_retreat|Отступить, оставив несколько солдат прикрывать отход.
mno_encounter_surrender|Сдаться.
menu_encounter_retreat_confirm|Как человек с наивысшим навыком тактики ({reg2}) в отряде, {reg3?вы разрабатываете:{s3} разрабатывает} план, который позволит вам и вашим людям уйти невредимыми, но придется оставить {reg4} воинов, которые задержат врага.
mno_leave_behind|Продолжить. Нам придется пожертвовать этими людьми, но тогда мы спасем остальных.
mno_dont_leave_behind|Нет. Мы своих на смерть не оставляем.
menu_encounter_retreat|Вы отдаете своим воинам приказ. {reg4} из них придется сдерживать врага, пока вы отступаете, уводя остальную часть отряда.
menu_order_attack_begin|Ваши войска готовятся атаковать противника.
mno_order_attack_begin|Отдать приказ к началу атаки.
mno_call_back|Отозвать их обратно.
menu_order_attack_2|{s4}^^Ваши потери: {s8}^^Потери противника: {s9}
mno_order_attack_continue|Приказать своим воинам продолжить атаку.
mno_order_retreat|Отозвать своих бойцов.
menu_battle_debrief|{s11}^^Ваши потери:{s8}{s10}^^Потери противника:{s9}
menu_total_victory|Вы не должны были увидеть этот текст... {s9}
menu_enemy_slipped_away|{s17}
menu_permanent_damage|{s0}
mno_s0|{s0}
menu_pre_join|Вы наталкиваетесь на сражение, которое ведут между собой {s2} и {s1}. Кто из них заслуживает вашей поддержки?
mno_pre_join_help_attackers|{s2}.
mno_pre_join_help_defenders|{s1}.
mno_pre_join_leave|Не вмешиваться.
menu_join_battle|Вы и {s2} объединились на время сражения, ваш противник - {s1}. Вы имеете {reg10} готовых к бою воинов против {reg11} вражеских.
mno_join_attack|Атаковать противника.
mno_join_order_attack|Приказать воинам атаковать вместе с союзниками, а самому остаться в стороне.
mno_join_leave|Уйти.
menu_join_order_attack|{s4}^^Ваши потери: {s8}^^Потери союзников: {s9}^^Потери противника: {s10}
menu_zendar|Вы входите в город Зендар.
mno_zendar_enter|
mno_zendar_enter_door|Дверь в центр города.
mno_zendar_tavern|
mno_zendar_tavern_door|Дверь в таверну.
mno_zendar_merchant|
mno_zendar_merchant_door|Дверь в магазин.
mno_zendar_arena|
mno_zendar_arena_door|Дверь на арену.
mno_town_1_leave|
menu_salt_mine|Вы входите на соляные копи.
mno_enter|Войти.
menu_four_ways_inn|Вы прибываете в таверну Четырех Дорог.
menu_test_scene|Вы входите на тестовую сцену.
menu_dhorak_keep|Вы въезжаете в крепость Дорак
menu_join_siege_outside|{s2} берет в осаду {s1}.
mno_approach_besiegers|Приблизиться к осадному лагерю.
mno_pass_through_siege|Прорваться через осадные линии и проникнуть в {s1}.
menu_cut_siege_without_fight|Осаждающие позволяют вам беспрепятственно приблизиться к воротам.
menu_besiegers_camp_with_allies|{s1} по-прежнему в осаде. По знаменам, развивающимся над лагерем осаждающих, где приветствуют вас и ваших людей, вы понимаете, что его поставил {s2}.
mno_talk_to_siege_commander|Просить встречи с командующим.
mno_join_siege_with_allies|Присоединиться к следующему штурму.
mno_join_siege_stay_back|Order your soldiers to join the next assault without you.
menu_castle_outside|Перед вами {s2}.{s11} {s3} {s4}^{s15}
mno_approach_gates|Приблизиться к воротам и поприветствовать стражу.
mno_town_sneak|Переодеться и попытаться проникнуть в {s7}
mno_castle_start_siege|Осадить {reg6?город:замок}.
mno_castle_leave|Уйти.
menu_castle_guard|Вы подходите к воротам. Люди на стенах внимательно наблюдают за вами.
mno_request_shelter|Запросите вход в штаб-квартиру.
mno_request_meeting_commander|Просить встречи с кем-то.
mno_guard_leave|Уйти.
menu_castle_entry_granted|После короткого ожидания охранники открывают для вас ворота и пропускают вашу группу внутрь.
menu_castle_entry_denied|Командир этого форта запретил вам входить в эти стены, и сержант охраны сообщает вам, что его люди откроют огонь, если вы попытаетесь подойти ближе.
menu_castle_meeting|С кем вы хотите встретиться?
mno_guard_meet_s5|{s5}.
mno_forget_it|Забудьте.
menu_castle_meeting_selected|Вашу просьбу о встрече передают по инстанциям, и наконец во внутренний двор выходит {s6}, чтобы поговорить с вами.
menu_castle_besiege|{s1} находится под вашей осадой. {s2} {s3}
mno_siege_request_meeting|Вызвать на встречу командующего обороной замка.
mno_wait_24_hours|Подождать до завтра.
mno_castle_lead_attack|Повести своих воинов на штурм.
mno_attack_stay_back|Приказать своим воинам атаковать без вас...
mno_build_ladders|Приготовить лестницы для штурма стен.
mno_build_siege_tower|Построить осадную башню.
mno_lift_siege|Снять осаду.
menu_siege_attack_meets_sally|Защитники делают вылазку и начинают контратаку.
menu_castle_besiege_inner_battle|{s1}
menu_construct_ladders|Как человек с наивысшим навыком инженерии ({reg2}) в отряде, {reg3?вы подсчитываете:{s3} подсчитывает}, что на изготовление штурмовых лестниц потребуется около {reg4} час.
mno_build_ladders_cont|Сделать это.
menu_construct_siege_tower|Как человек с наивысшим навыком инженерии ({reg2}) в отряде, {reg3?вы подсчитываете:{s3} подсчитывает}, что на строительство осадной башни потребуется около {reg4} час.
mno_build_siege_tower_cont|Начать строительство.
menu_castle_attack_walls_simulate|{s4}^^Ваши потери: {s8}^^Потери противника: {s9}
menu_castle_attack_walls_with_allies_simulate|{s4}^^Ваши потери: {s8}^^Потери союзников: {s9}^^Потери противника: {s10}
menu_castle_taken_by_friends|Здесь не на что смотреть.
menu_castle_taken|{reg2?Город :}{s3} пал под натиском ваших воинов и теперь вы полностью контролируете его.{reg1? Вы можете разместить здесь воинов для обороны от врагов, которые будут пытаться отвоевать. Также, вы должны выбрать сейчас, оставить {reg2?город:замок} себе или пожаловать его верному вассалу...:}
menu_castle_taken_2|{s3} пал под натиском ваших воинов и теперь вы полностью контролируете его. Пришло время, чтобы {s9} узнал о вашей победе. {s5}
mno_castle_taken_claim|Просить, чтобы {s3} дали вам в качестве вознаграждения.
mno_castle_taken_claim_2|Просить, чтобы {s3} дали в награду {вашей жене/вашему мужу}.
mno_castle_taken_no_claim|Не просить награды.
menu_requested_castle_granted_to_player|Вы получили сообщение от вашего сеньора {s3}.^^{reg4?Она приняла:Он принял} решение даровать вам {s2}{reg3? и прилегающую деревню {s4}:}, вместе с сопутствующим доходом и титулами, чтобы вы владели этим уделом от {reg4?ее:его} имени до тех пор, пока верны вассальной клятве.
menu_requested_castle_granted_to_player_husband|Вы получили сообщение от вашего сеньора, {s3}.^^{reg4?Она решила:Он решил} даровать вашему мужу {s7} {s2}{reg3? и прилегающую деревеньку {s4}:}.
menu_requested_castle_granted_to_another|Ваш сеньор, {s3}, прислал вам сообщение.^^'Меня в высшей степени порадовали известия о Вашей доблести, благодаря Вам был захвачен {s2}. Ваша победа наполнила счастьем наши сердца. Кроме того, вы просили меня даровать вам замок, но это благодеяние, боюсь, я не могу вам оказать, поскольку вы и так владеете множеством земель в моем государстве. Вместо этого я посылаю вам {reg6} динар для покрытия издержек вашей военной компании. А {s2} от моего имени получит {s5}.'
mno_accept_decision|Принять это решение.
mno_leave_faction|С вами плохо обошлись! Отречься от вашей клятвы верности сеньору!
menu_requested_castle_granted_to_another_female|Ваш сеньор, {s3}, прислал вам сообщение.^^'Меня в высшей степени порадовали известия о вашей доблести, благодаря Вам был захвачен {s2}. Ваша победа наполнила счастьем наши сердца. Кроме того, вы просили меня даровать замок вашему супругу. Боюсь, что мне придется отказать вам в этой просьбе, поскольку ему и так принадлежит множество земель в моей державе. Вместо этого я посылаю вам {reg6} динар для покрытия издержек вашей военной компании. А {s2} от моего имени получит {s5}.'
menu_leave_faction|Отречение от вассальной клятвы - тяжкий проступок. Ваш повелитель может вынести вам суровый приговор и конфисковать все ваши земли и владения. Однако, если вы вернете их по доброй воле, возможно, он не станет преследовать вас за предательство.
mno_leave_faction_give_back|Отречься от клятвы и отказаться от своих владений.
mno_leave_faction_hold|Отречься от клятвы и править землями, включая {s2}, от своего имени.
mno_leave_faction_cancel|Сохранить верность и согласиться с решением.
menu_give_center_to_player|Ваш повелитель предлагает увеличить ваши владения! {s1} шлет письмо, что хочет даровать вам {s2} в награду за верную службу, увеличив тем самым ваши владения. Каков будет ваш ответ?
mno_give_center_to_player_accept|Принять предложение.
mno_give_center_to_player_reject|Отказаться. {s2} вам не требуется.
menu_give_center_to_player_2|На короткой церемонии было официально объявлено, что {s2}{reg3? вместе с деревней {s4}:} теперь является вашей собственностью. {reg3? Это составит:Они составят} отменную часть ваших владений. Теперь вы можете претендовать на доходы с земли и налоги с этих владений, набирать рекрутов и управлять этими землями так, как вам кажется правильным. Однако ожидается, что вы будете защищать свои владения, не допустите ущерба своим подданным, а также будете следить за соблюдением законности и порядка.
menu_oath_fulfilled|По контракту с {s1} вы должны служить ему определенный период времени. Срок действия этого контракта истек. Что вы намерены делать?
mno_renew_oath|Продлить ваш контракт с {s1} еще на один месяц.
mno_dont_renew_oath|Освободиться от этих обязательств.
menu_siege_started_defender|{s2}. {s1} начинает штурм стен. Вы имеете {reg10} готовых к бою воинов против {reg11} вражеских. Вы решаете...
mno_siege_defender_join_battle|Вступить в битву.
mno_siege_defender_troops_join_battle|Приказать своим людям вступить в сражение без вас.
menu_siege_join_defense|{s4}^^Ваши потери: {s8}^^Потери союзников: {s9}^^Потери противника: {s10}
menu_enter_your_own_castle|{s10}
menu_village|{s10} {s12}^{s11}^{s6}{s7}
mno_village_talk_to_elder|Поговорить с главным в деревне.
mno_village_manage|Управлять этой деревней.
mno_recruit_volunteers|Нанять {s20}.
mno_village_center|Направиться к центру деревни.
mno_village_center_door|Дверь в центр деревни.
mno_village_buy_food|Купить у крестьян припасы.
mno_village_attack_bandits|Атаковать разбойников.
mno_village_wait|Подождать здесь некоторое время.
mno_collect_taxes_qst|{reg5?Продолжить собирать налоги:Собрать налоги}, причитающиеся господину с именем {s1}.
mno_train_peasants_against_bandits_qst|Обучить крестьян.
mno_village_hostile_action|Предпринять враждебное действие.
mno_village_leave|Уйти...
menu_village_hostile_action|Что у вас на уме?
mno_village_take_food|Заставить крестьян отдать вам припасы.
mno_village_steal_cattle|Похитить скот.
mno_village_loot|Разграбить деревню, а потом сжечь ее.
menu_recruit_volunteers|{s18}
mno_continue_not_enough_gold|У меня не хватит денег...
mno_recruit_them|Нанять их ({reg6} динар).
menu_village_hunt_down_fugitive_defeated|Сильный удар одного из беглецов сбивает вас с ног, перед глазами все кружится и меркнет. Когда вы приходите в себя, вы понимаете, что вас здорово избили, но, вроде, ни одна из ваших ран не смертельна.
menu_village_infest_bandits_result|{s9}
menu_village_infestation_removed|Вы и ваши воины прогнали разбойников из деревни. Об этой замечательной победе непременно сложат песни и легенды. Жители теперь в безопасности. У них не осталось почти ничего ценного, но они рады предложить вам все, что смогут собрать.
mno_village_bandits_defeated_accept|Принять подношение как должное.
mno_village_bandits_defeated_cont|Отказаться, заметив, что им все это нужно куда больше, чем вам.
menu_center_manage|{s19}^{reg6?^^Сейчас строится {s7}. Строительство закончится через {reg8} {reg9?дней:день}.:}
mno_center_build_manor|Построить поместье.
mno_center_build_fish_pond|Построить мельницу.
mno_center_build_watch_tower|Построить сторожевую башню.
mno_center_build_school|Построить школу.
mno_center_build_messenger_post|Построить пост посыльного.
mno_center_build_prisoner_tower|Построить тюрьму.
menu_center_improve|{s19} Как человек с наивысшим навыком инженерии ({reg2}) в отряде, {reg3?вы подсчитываете:{s3} подсчитывает}, что {s4} обойдется вам в {reg5} динар, а строительство займет {reg6} дней.
mno_improve_cont|Продолжить.
mno_improve_not_enough_gold|У меня не хватит на это денег.
menu_town_bandits_failed|{s4} {s5}
menu_town_bandits_succeeded|Разбойники падают перед вами один за другим, как колосья под серпом. Вскоре вы остаетесь в одиночестве, а большинство нападавших либо без сознания, либо при смерти, либо уже мертвы. Обыскивая тела, вы обнаруживаете кошель, который когда-то, должно быть, принадлежал одной из жертв этих мерзавцев. А может быть, в этом кошеле им передали плату за вашу жизнь?
menu_village_steal_cattle_confirm|Как человек с наивысшим навыком сбора трофеев ({reg2}) в отряде, {reg3?вы считаете:{s1} считает}, что можно похитить из деревни не более {reg4} голов скота.
mno_village_steal_cattle_confirm|Продолжить.
menu_village_steal_cattle|{s1}
menu_village_take_food_confirm|Будет непросто заставить крестьян угрозами и посулами отдать их драгоценные припасы. Вы считаете, что вам потребуется на это как минимум час.
mno_village_take_food_confirm|Продолжить.
menu_village_take_food|Крестьяне нехотя выносят то, что у них есть для вас.
mno_take_supplies|Взять припасы.
mno_let_them_keep_it|Позволить им сохранить припасы.
menu_village_start_attack|Кое-кто из разгневанных жителей деревни хватается за вилы и готовится дать вам отпор. Похоже, если вы продолжите в том же духе, вас ждет бой.
mno_village_raid_attack|Напасть на них.
mno_village_raid_leave|Оставить эту деревню в покое.
menu_village_loot_no_resist|Жителей деревни мало, они напуганы и разбегаются, едва завидев вас. Деревня теперь в вашей власти.
menu_village_loot_complete|По вашему приказу воины опустошают деревню, захватывая все мало-мальски ценное, а потом поджигают дома. Из найденных денег и ценностей вы берете себе долю в размере {reg1} динар.
menu_village_loot_defeat|Сражаясь смело и решительно, деревенские жители смогли организовать серьезное сопротивление и отбросить ваши силы.
menu_village_loot_continue|Вы хотите продолжить разграбление деревни?
mno_disembark_yes|Да.
mno_disembark_no|Нет.
menu_close|Ничего.
menu_town|{s10} {s14}^{s11}^{s15}{s12}{s13}
mno_castle_castle|Пройти в штаб-квартиру.{s1}.
mno_castle_castle_door|Дверь в ратушу.
mno_join_tournament|Принять участие в турнире.
mno_town_castle|Пройти в штаб квартиру.{s1}.
mno_town_castle_door|Дверь в ратушу.
mno_town_major_talk|Поговорите с мэром города.
mno_town_center|Прогуляйться по улицам.
mno_town_center_door|Дверь в центр города
mno_town_tavern|Посетить таверну.
mno_town_tavern_door|Дверь в таверну.
mno_town_merchant|Поговорить с торговцем.
mno_town_merchant_door|Дверь в магазин.
mno_town_arena|Войти на арену.
mno_town_arena_door|Дверь на арену.
mno_town_dungeon|Никогда: не входить в тюрьму.
mno_town_dungeon_door|Дверь в темницу.
mno_castle_inspect|Прогуляться по внутреннему двору.
mno_castle_inspect_door|Во внутренний двор замка.
mno_town_enterprise|Посетить ваше {s3}.
mno_town_enterprise_door|Дверь на ваше предприятие.
mno_visit_lady|Попытаться посетить даму.
mno_visit_lady_door|Дверь в сад.
mno_trade_with_merchants|Отправиться на рыночную площадь.
mno_walled_center_manage|Управлять этим {reg0?городом:замком}.
mno_walled_center_move_court|Переместить ваш двор сюда.
mno_castle_station_troops|Управлять гарнизоном{s10}.
mno_towncastle_to_enlistment_office|Пройти в местный военкомат.
mno_open_pes_region_menu|Отправиться в промышленную зону.
mno_castle_wait|Подождать здесь некоторое время{s1}.
mno_castle_to_cannoneers_store|Идти в оружейную.
mno_castle_to_cannoneers_store_door|Дверь в оружейную.
mno_town_leave|Уйти...
mno_town_leave_door|Покинуть местность.
menu_lady_visit|Кого вы бы хотели посетить?
mno_visit_lady_1|Посетить {s12}.
mno_visit_lady_2|Посетить {s12}.
mno_visit_lady_3|Посетить {s12}.
mno_visit_lady_3_door|Дверь в сад.
mno_visit_lady_4|Посетить {s12}.
mno_visit_lady_5|Посетить {s12}.
mno_visit_lady_6|Посетить {s12}.
mno_visit_lady_7|Посетить {s12}.
mno_visit_lady_8|Посетить {s12}.
menu_town_tournament_lost|Вы исключенны из состязаний.{s8}
menu_town_tournament_won|Вы выиграли турнир города {s3}! Вас наполняет гордость, когда толпа скандирует ваше имя. Кроме чести, известности и славы, Ваша награда составляет {reg9} динар. {s8}
menu_town_tournament_won_by_another|Став единственным участником, не изведавшим поражение, {s1} выигрывает этот турнир, и {reg3?ей:ему} достается вся слава.
menu_town_tournament|{s1}В {reg0} туре состязаний {reg1} участников. В следующем поединке будет {reg2} команды с {reg3} {reg4?бойцами:бойцом} в каждой.
mno_tournament_view_participants|Просмотреть участников.
mno_tournament_bet|Поставить на себя.
mno_tournament_join_next_fight|Сражаться в следующем раунде.
mno_leave_tournament|Сняться с турнира.
menu_tournament_withdraw_verify|Вы уверены, что хотите покинуть турнир?
mno_tournament_withdraw_yes|Да, это бессмысленная вычурность.
mno_tournament_withdraw_no|Нет, пока есть шансы на победу!
menu_tournament_bet|Ставки на вас: {reg5} к {reg6}.{reg1? Вы уже поставили {reg1} динар на себя, и если одержите победу, то получите {reg2} динар.:} Сколько вы хотите поставить?
mno_bet_100_denars|100 динар.
mno_bet_50_denars|50 динар.
mno_bet_20_denars|20 динар.
mno_bet_10_denars|10 динар.
mno_bet_5_denars|5 динар.
menu_tournament_bet_confirm|Если вы поставите {reg1} динар, то получите {reg2} динар в случае победы на турнире. Согласны?
mno_tournament_bet_accept|Продолжить.
mno_tournament_bet_cancel|Забудьте.
menu_tournament_participants|Вы просите у одного из глашатаев список участников турнира. Вот они:^{s11}
menu_collect_taxes|Как человек с наивысшим навыком торговли ({reg2}) в отряде, {reg3?вы ожидаете:{s1} ожидает}, что сбор налогов с этого феода займет {reg4} дней...
mno_start_collecting|Начать сбор.
mno_collect_later|Отложить на потом.
menu_collect_taxes_complete|Вы собрали {reg3} динар налогов от {s3}. {s19} ожидает, что вы доставите эти деньги ему.
menu_collect_taxes_rebels_killed|Благодаря вашим решительным действиям бунт был успешно подавлен. Само собой, теперь недовольные дважды подумают, прежде чем восставать против вас.
menu_collect_taxes_failed|Вам удалось собрать в {s3} лишь {reg3} динар налогов до того, как поднялся бунт. {s1}, конечно, будет недоволен, но лучше хоть немного серебра, чем вообще ничего...
menu_collect_taxes_revolt_warning|Жители {s3} в ярости от ваших требований и зовут вас не иначе как грабителем. Они могут подняться против вас, если продолжать на них давить.
mno_continue_collecting_taxes|Проигнорировать и продолжить.
mno_halve_taxes|Согласиться на половину суммы. ({s1} может рассердиться)
menu_collect_taxes_revolt|Вас прерывают прямо во время сбора налогов в {s3}. Толпа разъяренных {reg9?крестьян:горожан}, приближается к вам, размахивая факелами и потрясая оружием. Похоже, они собрались сражаться с вами!
menu_train_peasants_against_bandits|Как человек с наивысшим навыком обучения ({reg2}) в отряде, {reg3?вы считаете:{s1} считает}, что начальная подготовка крестьян займет около {reg4} часов.
mno_make_preparation|Обучить их.
mno_train_later|Отложить на потом.
menu_train_peasants_against_bandits_ready|Вы обучаете крестьян основам солдатской службы, дисциплины и повиновения. Вы считаете, что {reg0} из них полностью {reg1?усвоили:усвоил} урок и {reg1?готовы:готов} к тренировочному бою.
mno_peasant_start_practice|Начать тренировочный бой.
menu_train_peasants_against_bandits_training_result|{s0}
menu_train_peasants_against_bandits_attack|Когда вы готовы продолжить занятия с ополченцами, из деревни с тревожными криками прибегает стражник. На горизонте заметили бандитов, которые быстро скачут в сторону {s3}. Староста деревни умоляет, чтобы вы выступили против бандитов с только что обученными ополченцами.
mno_peasants_against_bandits_attack_resist|Приготовиться к бою!
menu_train_peasants_against_bandits_attack_result|{s9}
menu_train_peasants_against_bandits_success|Разбойники повержены! Немногие оставшиеся в живых убегают, поджав хвосты, в ужасе перед крестьянами и их новым защитником. У жителей деревни осталось немного ценного, но они предлагают вам все, что им удается собрать, чтобы выразить свою благодарность.
menu_disembark|Хотите высадиться здесь?
menu_ship_reembark|Хотите взойти на борт?
mno_reembark_yes|Да.
mno_reembark_no|Нет.
menu_center_reports|Название города: {s1}^Доход от земельной ренты: {reg1} динар ^Доход от сборов и пошлин: {reg2} динар. ^Припасов: на {reg3} дней.
mno_to_price_and_productions|Показать производимые товары и цены.
menu_price_and_production|Перечень производимых товаров:^(Внимание: база/модификатор сырья/измененные материалами и благосостояние)^{s1}^^Факторы, определяющие цену:^{s2}
menu_town_trade|Вы направляетесь к рыночной площади.
mno_assess_prices|Узнать здешние цены.
mno_trade_with_arms_merchant|Торговать с торговцем оружием.
mno_trade_with_armor_merchant|Торговать с торговцем доспехами.
mno_trade_with_horse_merchant|Торговать с торговцем лошадьми.
mno_trade_with_goods_merchant|Торговать с торговцем разным товаром.
mno_back_to_town_menu|Вернуться назад.
menu_town_trade_assessment_begin|Вам удается услышать разговоры о здешних ценах на товары.^Вы слушаете очень внимательно, чтобы заключить как можно более выгодную сделку.
menu_town_trade_assessment|Как человек с наивысшим навыком торговли ({reg2}) в отряде, {reg3?вы пытаетесь выяснить:{s1} пытается выяснить}, какими товарами будет выгоднее всего торговать. {s2}
menu_sneak_into_town_suceeded|Замаскировавшись под бедного паломника, вы обманываете стражу и входите в город.
menu_sneak_into_town_caught|Когда вы пытаетесь проникнуть внутрь, один из стражников узнает вас и поднимает тревогу! Вам нужно бежать обратно через ворота, пока на вас не набросилась вся городская стража!
mno_sneak_caught_fight|Попробуем прорваться силой!
mno_sneak_caught_surrender|Сдаться.
menu_sneak_into_town_caught_dispersed_guards|Вы обманываете стражей и заметаете следы, прежде чем сбежать, окончательно оторвавшись от преследователей в лабиринте улиц.
menu_sneak_into_town_caught_ran_away|Вы проходите обратно через ворота и быстро отступаете в безопасные холмы.{s11}
menu_enemy_offer_ransom_for_prisoner|{s2} предлагает Вам {reg12} динар серебром, если вы будете благосклонны и Вами будет отпущен {s1}.
mno_ransom_accept|Принять предложение.
mno_ransom_reject|Отклонить предложение.
menu_training_ground|Вы приближаетесь к тренировочному полю, где можно улучшить свои боевые навыки. Чем бы вы хотели позаниматься?
mno_camp_trainer|Поговорить с тренером.
mno_camp_train_melee|Учебный бой.
mno_camp_train_archery|Поупражняться с оружием дальнего боя.
mno_camp_train_mounted|Позаниматься верховой ездой.
menu_training_ground_selection_details_melee_1|Со сколькими противниками вы будете сражаться?
mno_camp_train_melee_num_men_1|С одним.
mno_camp_train_melee_num_men_2|С двумя.
mno_camp_train_melee_num_men_3|С тремя.
mno_camp_train_melee_num_men_4|С четырьмя.
menu_training_ground_selection_details_melee_2|Выбрать вашего противника #{reg1}:
mno_training_ground_selection_details_melee_random|Случайный выбор.
menu_training_ground_selection_details_mounted|С каким оружием вы хотели бы поупражняться?
mno_camp_train_mounted_details_1|Одноручное оружие.
mno_camp_train_mounted_details_2|Древковое оружие.
mno_camp_train_mounted_details_3|Лук.
mno_camp_train_mounted_details_4|Метательное оружие.
menu_training_ground_selection_details_ranged_1|С каким оружием дальнего боя вы хотите поупражняться?
mno_camp_train_ranged_weapon_bow|Лук и стрелы.
mno_camp_train_ranged_weapon_crossbow|Ружья.
mno_camp_train_ranged_weapon_thrown|Метательные ножи.
menu_training_ground_selection_details_ranged_2|С какого расстояния вы хотите вести стрельбу?
mno_camp_train_ranged_details_1|10 ярдов.
mno_camp_train_ranged_details_2|20 ярдов.
mno_camp_train_ranged_details_3|30 ярдов.
mno_camp_train_ranged_details_4|40 ярдов.
mno_camp_train_ranged_details_5|50 ярдов.
mno_camp_train_ranged_details_6|60 ярдов.
mno_camp_train_ranged_details_7|70 ярдов.
menu_training_ground_description|{s0}
menu_training_ground_training_result|{s7}{s2}
menu_marshall_selection_candidate_ask|{s15} скоро будет выбирать нового маршала {s23}. Некоторые вельможи предложили вас в качестве кандидата на эту должность.
mno_marshall_candidate_accept|Сообщите {s15}, что вы готовы стать маршалом.
mno_marshall_candidate_reject|Скажите всем, что в настоящее время вы слишком заняты.
menu_captivity_avoid_wilderness|Внезапно у вас чернеет в глазах. Много часов спустя вы приходите в себя и обнаруживаете, что находитесь там же, где упали. Ваши враги, должно быть, сочли вас мертвым и оставили лежать на поле боя. Впрочем, ни одна из ваших ран не смертельна, и ходить вы можете, хотя чувствуете себя просто ужасно. Вы поднимаетесь на ноги и пытаетесь найти остальных выживших из вашего отряда.
menu_captivity_start_wilderness|заполнитель
menu_captivity_start_wilderness_surrender|заполнитель
menu_captivity_start_wilderness_defeat|Ваши враги берут вас в плен.
menu_captivity_start_castle_surrender|заполнитель
menu_captivity_start_castle_defeat|заполнитель
menu_captivity_start_under_siege_defeat|Ваши враги берут вас в плен.
menu_captivity_wilderness_taken_prisoner|Ваши враги берут вас в плен.
menu_captivity_wilderness_check|заполнитель
menu_captivity_end_wilderness_escape|После долгих и тяжких дней заключения вы сбегаете из плена!
menu_captivity_castle_taken_prisoner|Стража окружает вас и отбирает оружие. С проклятиями и обвинениями они бросают вас в темницу, где вам придется коротать печальные дни заточения.
menu_captivity_rescue_lord_taken_prisoner|Вы не раскрываете себя, пока возможно. Стражники вне себя от ярости, они жестоко избивают вас, прежде чем бросить вас снова в камеру бог знает на сколько...
menu_captivity_castle_check|заполнитель
menu_captivity_end_exchanged_with_prisoner|После долгих дней заключения вас наконец освобождают: ваши тюремщики обменяли вас на другого пленника.
menu_captivity_end_propose_ransom|Вы проводите долгие часы во влажном сумраке подземелья - кажется, вы пробыли там целую вечность. Внезапно один из ваших пленителей входит в камеру с предложением: он готов освободить вас за {reg5} динар из ваших тайных сбережений. Вы решаете...
mno_captivity_end_ransom_accept|Принять предложение.
mno_captivity_end_ransom_deny|Отказаться и подождать чего-нибудь получше.
menu_captivity_castle_remain|Дни все идут и идут в вашей мрачной камере. Вы держитесь как можете, терпите ежедневные тычки и проклятия стражников, видите, как от недоедания ваше тело становится все более немощным...
menu_kingdom_army_quest_report_to_army|{s8} передает сообщение, что {reg4?она:он} желает, чтобы вы присоединились к {reg4?ее:его} новой военной кампании. Вы должны привести с собой не менее {reg13} воинов. Вы должны срочно набрать еще людей, если их у вас не достаточно.
menu_kingdom_army_quest_messenger|{s8} передает сообщение, что {reg4?она:он} хочет поговорить с вами об одной проблеме, которая должна быть решена. {reg4?Она:Он} просит вас прибыть к {reg4?ней:нему} как можно скорее.
menu_kingdom_army_quest_join_siege_order|{s8} передает сообщение, что вы должны присоединиться к осаде {s9} и готовиться к полномасштабному штурму. Ваши войска обязаны взять {s9} любой ценой.
menu_kingdom_army_follow_failed|Вам не удалось следовать за маршалом. {s8} предполагает, что вы были заняты другим, но оценил бы Вашу поддержку.
menu_invite_player_to_faction_without_center|Вам предлагают стать вассалом!^^ {s8} ({s9}) прислал к вам королевского герольда с персональным приглашением. Вам может быть оказана честь стать вассалом {повелителя/повелительницы} {s9}, а взамен {s8} просит вас принести клятву верности и сражаться в его военных походах. Впрочем, ни земли, ни титулов он не предлагает. Отказ может быть воспринят им как оскорбление...
mno_faction_accept|Принять!
mno_faction_reject|Отклонить приглашение.
menu_invite_player_to_faction|Вам предлагают стать вассалом!^^ {s8} ({s9}) прислал к вам королевского герольда с персональным приглашением. Вам может быть оказана честь стать вассалом {повелителя/повелительницы} {s9}, а взамен {s8} просит вас принести клятву верности и участвовать в военных походах. За вашу верную службу вам во владение предлагается {s2}. Отказ от такого предложения может быть воспринят как оскорбление...
menu_invite_player_to_faction_accepted|Чтобы стать вассалом {s3}, нужно поклясться ему в верности. Вам нужно найти его и принести клятву лично. {s5}
menu_question_peace_offer|Вам предложен мир^^{s1} предлагает вам заключить мирное соглашение. Каков будет ваш ответ?
mno_peace_offer_accept|Принять
mno_peace_offer_reject|Отклонить
menu_notification_truce_expired|Время перемирия истекло^^Перемирие между {s1} и {s2} подошло к концу.^
menu_notification_feast_quest_expired|{s10}
menu_notification_sortie_possible|Замечен враг: недалеко от стен {s4} замечены войска противника. {s5} и другие защитники готовятся к вылазке. Вы можете к ним присоединиться.
menu_notification_casus_belli_expired|Государство не приняло ответных мер^^Держава {s1} не отреагировала на провокации {s2}, что пошатнуло репутацию {s3} в глазах {reg4?ее:его} более воинственных подданных...^
menu_notification_lord_defects|Измена: {s4} {reg4?покинула:покинул} {s5} и {reg4?перешла:перешел} в {s7} со всеми владениями
menu_notification_treason_indictment|Обвинение в измене^^{s9}
menu_notification_border_incident|Происшествие на границе^^До вас дошли слухи о том, что {s9}. Доподлинно неизвестно, правда это или вымысел, но ясно одно: это, казалось бы незначительное событие взбудоражило {s4}, и может послужить основанием для начала войны против {s3}, если они этого хотят...
menu_notification_player_faction_active|Теперь вы владеете землей от собственного имени, и вы не связаны ни с одним государством. Это означает, что вы суверенный монарх, а ваш двор временно располагается в {s12}. Остальные правители Кальрадии сначала будут рассматривать вас как угрозу: если выскочке вроде вас удалось захватить трон, это ставит под вопрос всю феодальную систему.^^Возможно, сейчас вам будет проще попросить уже существующее государство стать вашим сюзереном. Если же вы решите сохранить суверенность, первое, что вы должны сделать - это подтвердить ваше право на трон. Это можно сделать несколькими способами: заключив брак с благородным семейством, приняв на службу дворян и раздав им земли или заключив договоры с другими монархами.^^В любом случае, сначала назначьте кого-то из ваших спутников главным министром - именно на него лягут заботы о делах государства, он же сможет в случае необходимости переместить ваш двор. Умения и таланты всех членов команды различны, помните об этом.^Время от времени вы можете назначать новых министров.
mno_appoint_spouse|Назначить вашу жену, {s10}...
mno_appoint_npc1|Назначить {s10}
mno_appoint_npc2|Назначить {s10}
mno_appoint_npc3|Назначить {s10}
mno_appoint_npc4|Назначить {s10}
mno_appoint_npc5|Назначить {s10}
mno_appoint_npc6|Назначить {s10}
mno_appoint_npc7|Назначить {s10}
mno_appoint_npc8|Назначить {s10}
mno_appoint_npc9|Назначить {s10}
mno_appoint_npc10|Назначить {s10}
mno_appoint_npc11|Назначить {s10}
mno_appoint_npc12|Назначить {s10}
mno_appoint_npc13|Назначить {s10}
mno_appoint_npc14|Назначить {s10}
mno_appoint_npc15|Назначить {s10}
mno_appoint_npc16|Назначить {s10}
mno_appoint_default|Назначить почтенного местного жителя...
menu_minister_confirm|{s9} бывает при вашем дворе в {s12}. Вам следует регулярно беседовать, чтобы важные дела не накапливались. Помните: нерешенные вопросы могут подорвать ваш авторитет...
menu_notification_court_lost|{s12}
menu_notification_player_faction_deactive|Ваше королевство больше не имеет какой-либо земли.
menu_notification_player_wedding_day|{s8} хочет рассказать, что подготовка к вашей свадьбе в {s10} завершена. Вам следует срочно туда явиться.
menu_notification_player_kingdom_holds_feast|{s11}
menu_notification_center_under_siege|{s2} ({s3}) осадил {s1}!
menu_notification_village_raided|Враги разорили феод^^{s2} ({s3}) разграбил {s1}!
menu_notification_village_raid_started|На вашу деревню напали!^^{s2} ({s3}) разоряет {s1}.
menu_notification_one_faction_left|Кальрадия завоевана одним государством^^{s1} нанес поражение всем соперникам и остался единственным государством.
menu_notification_oath_renounced_faction_defeated|Ваша прежняя фракция потерпела поражение^^Вы выиграли сражение против {s1}! Это завершение вашей борьбы, начавшейся в тот момент, когда вы отреклись от данной клятвы.
menu_notification_center_lost|Потеря владения^^{s2} захватил {s1}.
menu_notification_troop_left_players_faction|Предательство!^^{s1} покинул {s2} и объединился с {s3}.
menu_notification_troop_joined_players_faction|Хорошие новости!^^{s1} покинул {s2} и объединился с {s3}.
menu_notification_war_declared|Объявление войны^^{s1} объявляет войну фракции {s2}!
menu_notification_peace_declared|Мирное соглашение^^{s1} и {s2} согласились заключить мир!^{s57}
menu_notification_faction_defeated|Фракция уничтожена^^{s1} больше не существует!
menu_notification_rebels_switched_to_faction|Успешный бунт^^ Ваш мятеж окончился победой! Теперь ваша фракция - единственный претендент на титул {s11}, а {s12} - единственный законный правитель.
menu_notification_player_should_consult|Ваш министр пишет, что в оставленных без присмотра землях начинается брожение умов. Коли так пойдет и дальше, вы можете потерять авторитет. Постарайтесь встретиться с советником при первой же возможности.
menu_notification_player_feast_in_progress|Подготовка к пиру^^Ваша жена начала готовить ваши покои в {s11} к празднику.
menu_notification_lady_requests_visit|К вашей группе подошла старуха и передала одному из воинов запечатанное воском письмо. Оказалось, что послание предназначено вам. Сломав печать, вы узнали почерк {s15}. Прошлый раз был великолепен. {s14} Сейчас я в {s10}.{s12}"
menu_garden|{s12}
mno_nurse|Пойти вместе с нянюшкой.
menu_kill_local_merchant_begin|Вы замечаете свою жертву и начинаете преследование. Ни о чем не подозревая, он сворачивает за угол в темную аллею. У вас появляется отличная возможность для нападения.
menu_debug_alert_from_s65|ОПОВЕЩЕНИЕ ОТЛАДКИ: {s65}
menu_auto_return_to_map|заполнитель
menu_bandit_lair|{s3}
mno_continue_1|Напасть на убежище...
mno_leave_no_attack|Уйти...
mno_leave_victory|Продолжить...
mno_leave_defeat|Продолжить...
menu_notification_player_faction_political_issue_resolved|Посовещавшись с вельможами государства, {s10} решил пожаловать {s11} {s12}.
menu_notification_player_faction_political_issue_resolved_for_player|Посовещавшись с вельможами государства, {s10} решил пожаловать вам {s11}. Вы можете отклонить честь, но возможно, после этого вы некоторое время не получите других наград.{s12}
mno_accept|Принять честь.
mno_decline|Отклонить честь.
menu_start_phase_3|{s16}^^Вы снимаете комнатушку в первом попавшемся трактире города {s1} и тут же засыпаете. Тем не менее, проснувшись до рассвета, вы отправляетесь исследовать окрестности. Вы идете по еще безлюдным улицам. Внезапно раздается звук, который заставляет вас насторожиться: скрежет извлекаемого из ножен лезвия...
menu_start_phase_4|{s11}
menu_lost_tavern_duel|{s11}
menu_establish_court|Выбор {s4} двором потребует небольших восстановительных работ. В частности, Вам необходимы инструменты и бархат. Может также потребоваться немного времени для некоторых Ваших последователей, чтобы переехать сюда. Вы желаете продолжить?
mno_establish|Расположить свой двор в {s4}.
menu_notification_relieved_as_marshal|{s4} желает сообщить Вам, что как маршал {reg8?Ее:Его} Величеству Вы более неугодны. В честь славных битв от имени государства за прошедшие дни, коих было {reg4}, {reg8?она:он} предлагает Вам кошелек с {reg5} динар.
menu_weather_report|{s1}
menu_start_game_choose_date|Выберите дату начала игры. Это влияет на уровень военной техники стран, а также на границы стран.
mno_start_game_choose_date_1860|1860.
mno_start_game_choose_date_1878|1878.
mno_start_game_choose_date_1891|1891.
mno_start_game_choose_date_1907|1907.
mno_start_game_choose_date_1914|1914.
mno_start_game_choose_date_1916|1916 (Временно).
menu_start_game_speed_selection|Выберите скорость игры. Вы сможете изменить его позже в игре. Скорость игры влияет на то, как быстро страны будут развивать свои военные технологии и начнут использовать более совершенное огнестрельное оружие.
mno_game_speed_extremely_fast|Чрезвычайно быстро (один год проходит за 6 дней).
mno_game_speed_very_fast|Очень быстро (один год проходит за 9 дней).
mno_game_speed_fast|Быстро (один год проходит за 12 дней).
mno_game_speed_normal|Нормально (один год проходит за 15 дней).
mno_game_speed_slow|Медленно (один год проходит за 20 дней) - рекомендуется.
mno_game_speed_very_slow|Очень медленно (один год проходит за 25 дней).
mno_game_speed_extremely_slow|Чрезвычайно медленно (один год проходит за 30 дней).
mno_game_speed_minimum|Минимум (Один год проходит за 365 дней).
menu_change_game_speed|Выберать скорость игры.
mno_game_speed_debug|Режим отладки (один год проходит за 1 день).
menu_cannoneers_store|Солдаты впустили вас в оружейную. Здесь вы можете заказать тяжелое вооружение - полевые орудия и гаубицы.^^ Ваш текущий баланс составляет {reg0} фунтов стерлингов.^^^ Обратите внимание, что пушки не будут появляться в бою, если у вас нет полевых орудий или гаубичной роты, установленных в меню перед боем.
mno_cannoneers_store_buy_fieldgun|Заказать полевое орудие и нанять команду канониров (2000 фунтов).
mno_cannoneers_store_buy_howitzer|Заказать гаубицу и нанять команду канониров (2000 фунтов).
mno_cannoneers_store_buy_mg|Заказать пулемет и нанять оператора (2500 фунтов стерлингов).
mno_cannoneers_store_access_wardrobe|Доступ к гардеробу.
menu_start_game_start_as_leader|Выбрать фракцию.
mno_start_as_leader_france|Французская империя.
mno_start_as_leader_russia|Российская империя.
mno_start_as_leader_austria|Австрийская империя.
mno_start_as_leader_sardinia|Королевство Сардиния.
mno_start_as_leader_prussia|Королевство Пруссия.
mno_start_as_leader_ottomans|Османская империя.
mno_start_as_leader_britain|Британская империя.
mno_start_as_leader_netherlands|Королевство Нидерландов.
mno_start_as_leader_spain|Испанская империя.
mno_start_as_leader_tunisia|Эмират Тунис.
mno_start_as_leader_sicily|Королевство двух Сицилий.
mno_start_as_leader_persia|Шахство Персии.
mno_start_as_leader_switzerland|Швейцария.
mno_start_as_leader_egypt|Хедиват Египта.
mno_start_as_leader_morocco|Султанат Марокко.
mno_start_as_leader_portugal|Королевство Португалия.
mno_start_as_leader_oman|Султанат Оман.
mno_start_as_leader_denmark|Королевство Дания.
mno_start_as_leader_papal|Папские государства.
mno_start_as_leader_colonies|Британские колонии.
mno_start_as_leader_afghanistan|Эмират Афганистан.
mno_start_as_leader_bukhara|Бухарский эмират.
mno_start_as_leader_khiva|Хивинское ханство.
mno_start_as_leader_greece|Королевство Греция.
mno_start_as_leader_wallachia|Княжество Валахия и Молдавия.
mno_start_as_leader_belgium|Королевство Бельгия.
mno_start_as_leader_wurttemberg|Королевство Вюртемберг.
mno_start_as_leader_serbia|Княжество Сербия.
mno_start_as_leader_sweden|Королевство Швеция.
mno_start_as_leader_bavaria|Королевство Бавария.
mno_start_as_leader_hannover|Королевство Ганновер.
mno_start_as_leader_shammar|Эмират Шммар.
mno_start_as_leader_najd|Эмират Наджд.
menu_start_game_choose_as_who_to_start|Выберите, за кого вы хотите начать игру.
mno_start_as_adventurer|Начать как искатель приключений.
mno_start_as_leader|Начать с должности лидера фракции.
menu_tech_invented|{s3} исследовал {s1}!^^^{s2}
mno_to_the_tech_menu|В меню "Технологии"
mno_close|Закрыть
menu_welcome_to_be_mod|Добро пожаловать в "Between Empires"!^^ Пожалуйста, найдите минутку, чтобы прочитать это, в нем содержится жизненно важная информация.^^^ Чтобы правильно играть в мод, вы должны использовать нашу корпоративную систему, доступ к которой вы можете получить в меню развертывания перед боем, и наш новый командный интерфейс, доступ к которому вы можете получить с помощью клавиши U во время сражений. Горячие клавиши перечислены в начале каждой битвы, найдите минутку, чтобы запомнить их.^ Ротная система позволяет вам разделить свои подразделения на 8 пехотных, кавалерийских или артиллерийских рот. Для того чтобы появилась артиллерия, вам нужна артиллерийская рота.^^ Кроме того, Between Empires включает в себя уникальную технологическую систему. Доступ к указанной технологической системе игрок может получить через меню отчетов, где она указана в меню технологий. Для разблокировки других требуются определенные технологии, а исследование технологии занимает два игровых года (от 12 до 60 дней, в зависимости от выбранной вами скорости игры).^ Исследование технологий жизненно важно для выживания вашей нации, так как фракции искусственного интеллекта также получат доступ к технологиям с течением времени.^Некоторые фракции, такие как Пруссия, уже разблокировали современное вооружение в начале игры, и к ним следует подходить соответствующим образом.^^ Этот мод также имеет различные функции дипломатии, доступ к которым возможен через диалоги с министром вашей фракции.
menu_italian_unification|{s32} аннексировано!^^ После интенсивных боев с армиями {s31}, {s32} был вынужден сдаться. После того, как национальный комитет подписал договор в национальном дворце, {s33} ратифицировал соглашение ранним утром и фактически положил конец национальному суверенитету {s32}. Объединение Италии только что сталоближе к реальности.
menu_provocation_created1|Напряженность между {s31} и {s32}!^^Общественные разногласия по поводу границ, возникшие во время Венского конгресса, привели к открытой вражде, когда лоялистские ополченцы, принадлежащие обоим государствам, столкнулись в пограничном регионе. {s31} осудил насилие, заявив о своих намерениях защищать свои этнические анклавы в стране, если это будет необходимо, в то время как {s32} объявил боевиков враждебными, суверенными субъектами в попытке ослабить международное давление.^ Телеграммы и конные гонцы прибывают в столицы западных держав с раннего утра, пытаясь заручиться их поддержкой в том, что вполне может стать прелюдией к еще одному кровавому конфликту.
menu_provocation_created2|Инцидент с аболиционистами!^^Новости достигли столицы {s31} в вечерние часы, что один из ее самых плодоротных торговцев, а в более колониальных регионах более известный как один из богатейших работорговцев в мире, был схвачен, а затем казнен убежденными аболиционистами, которые поклялись в верности {s32}. {s32} отказался выдать преступников, вероятно, в большей степени из-за того, что торговец был занозой в боку их торговцев в течение многих лет. Местные отряды милиции обещают отомстить, если аболиционисты не будут сданы, и ситуация быстро обостряется. Только целенаправленная деэскалация может предотвратить конфликт сейчас.
menu_provocation_created3|Территориальные претензии {s31} против {s32}!^^Политическое движение, поддерживающее реваншистские цели {s31}, привело к обострению напряженности, когда руководство пообещало потребовать территории, которые, по их мнению, принадлежат им по праву от {s32}! Некоторые пацифисты утверждают, что напряженность может быть разрешена за чаем, но вооруженные силы {s31} уже мобилизуются для ведения войны и вскоре попытаются захватить территорию, на которую они претендуют. В Европе границы между регионами часто размыты, а языковые или этнические группы могут находиться в нескольких странах. Что бы ни заставляло реваншистов верить в их утверждения, можно только надеяться, что война закончится быстро.
menu_provocation_created4|Пограничная стычка может привести к полномасштабному конфликту!^^ Солдаты из {s31} были убиты в пограничной стычке с {s32} либо по злому умыслу, либо по некомпетентности, и попытки мирного урегулирования ситуации могут потерпеть неудачу. У растущих политических и общественных сил есть шанс развязать войну между двумя народами, и теперь ничего не остается, как ждать и смотреть. Сколько еще крови должно пролиться, прежде чем {s31} почувствует, что они отомстили?
menu_peace_negotiations_initial|Дипломаты и послы прибывают в суд вашей страны, роясь в бумагах, телеграммах и письмах, пытаясь смириться с текущим положением дел. Именно здесь вы можете извлечь максимальную выгоду из понесенных вами потерь.
menu_create_alliance|Новости доходят до вашего двора из иностранного посольства в столице. {s31} готов стать нашим объявленным союзником по ряду второстепенных соглашений, и в первую очередь {reg10} в области денежного обеспечения.^^^ Ваш баланс составляет {reg20} фунтов стерлингов.
menu_alliance_support_ally_in_war|Дипломаты, посланные {s33}, прибыли к вам с просьбой поддержать {s31} в их войне против {s32}.
mno_alliance_support_ally_in_war_accept|Поддержите союзников и объявите войну {s32}.
mno_alliance_support_ally_in_war_decline|Отклоните и разорвите союз с {s31} (наказание за бесчестие - {reg21}).
menu_long_war_notification|Иностранное давление ^^ Наши международные союзники и противники все больше беспокоятся, видя, как мы вступаем в длительную борьбу с {s31}. После многочисленных инцидентов, в ходе которых предполагаемые права иностранных дипломатов и граждан были нарушены, а войска были расквартированы в поместье послов более двух недель, давление на наше министерство иностранных дел усилилось. Призывы к прекращению огня или даже миру, чтобы снова открыть торговлю по принципу невмешательства, становятся все громче и настойчивее. Если мы будем затягивать эту войну слишком долго, некоторые враждебные нашему делу нации могут воспринять это как оправдание для того, чтобы поднять оружие против нас и помочь нашим врагам в продолжающейся войне.
menu_high_infamy_notification|Какой Позор ^^Мир устал от агрессии ваших народов и общей ненадежности. Министерства иностранных дел по всей Европе и Азии осудили ваши действия и дистанцировались от наших дипломатов. Если мы немедленно не разрядим ситуацию, заявления о враждебности или даже войне могут вскоре хлынуть в нашу столицу.
menu_create_alliance2|Вы получаете сообщение от вашего секретаря, в котором говорится, что {s31} от {s32} стремится заключить союз с вашей страной. Хотя союз, безусловно, был бы полезен, он также возложил бы на ваши плечи новые обязательства.
menu_north_german_confederation_forming|После поражения ганноверцев и австрийцев от рук Пруссии и распада Германской конфедерации было образовано новое государство - Северогерманская конфедерация, возглавляемая Пруссией. Только несколько немецких государств, в первую очередь Бавария, исключены из Конфедерации, которая, безусловно, стремится к их скорейшей интеграции. Немецкий триколор развевается над ганноверскими садами.
menu_german_empire_forming|Германия основана ^^ Германская империя была провозглашена сегодня в Зале Зеркал французского королевского дворца в Версале. Французская Вторая империя была распущена, и из ее руин поднялась новая объединенная Германия. Черно-бело-красный имперский флаг был поднят в городе Страсбург, и баварцы наконец присоединились к своим братским немецким государствам.
menu_prussia_unification_denmark_defeated|Германо-датская война закончилась ^^ Вторая Шлезвигская война закончилась решающей победой немцев, возглавляемых в первую очередь прусским генералом Гельмутом фон Мольтке.Датчане были решительно отброшены, и крепость Шлезвиг пала под огнем современной артиллерии и массированными атаками пехоты. Австро-венгерский фельдмаршал Вильгельм фон Тегеттофф назвал войну “решающим и определяющим моментом в истории немецкого народа”, а регионы Шлезвиг, Гольштейн и Лауэнбург были прочно взяты под контроль немецкими войсками.^Наблюдатели опасаются, что это только первый шаг в немецком экспансионизме...
menu_prussia_unification_austria_defeated|Война в Германии ^^ Война между Пруссией и Германской конфедерацией, возглавляемой австро-венгерским императором Францем Иосифом I, подошла к концу. Прусские войска смогли разгромить крупные немецкие государства Вюртемберг, Баварию и Ганновер, оккупировав последние и вынудив австрийцев сдаться, вскоре после роспуска Германской конфедерации и навсегда лишив Австрию места у руля немецкого народа.^ Объединение Германии приближается с каждым днем.
menu_prussia_unification_france_defeated|Франко-прусская война ^^ Война между Северогерманской конфедерацией при поддержке южногерманских войск была решительно выиграна прусскими войсками. Несмотря на превосходство в вооружении, немецкий маршал фон Мольтке сумел максимально эффективно использовать новые технологии, особенно новую железнодорожную систему, десятки раз заставая французов врасплох, в конечном счете полностью разгромив их, вынудив правительство сдаться.^Объединение Германии сейчас - лишь вопрос времени.
menu_enlistment_office|Вы входите в военкомат {s1}. Здесь вы можете записаться в армию {s2} в качестве рядового солдата и попытаться проложить себе путь к высшему командному посту армии. Однако, если вы благородной крови или хорошо известны, вы начнете свою военную карьеру в качестве офицера.
mno_enlistment_office_go_ahead|Завербоваться в армию {s2}.
menu_enlistment_office_select_class|Выберите род войск:
mno_enlistment_office_select_class_lineinf|Линейная пехота
mno_enlistment_office_select_class_lightinf|Легкая пехота
mno_enlistment_office_select_class_guardinf|Гвардейская пехота
mno_enlistment_office_select_class_cav|Кавалерия
mno_enlistment_office_select_class_cossack|Казаки
menu_enlistment_office_enlisted|Военкомат завербовал вас.
menu_enlistment_office_enlisted_officer|Вы стали {s1} из {s2} и готовы начать свою службу.
menu_enlistment_office_enlisted_soldier|Вы были назначены {s1} как {s2} {s3}.^^ Вы были доставлены к месту исполнения служебных обязанностей и приступаете к своей службе.
mno_enlistment_office_enlisted_start|Начать свою военную карьеру.
menu_pas_enlistment_menu|Вы служите в {s2}. Ваш текущий ранг {s1}.^^Текущие баллы/баллы, необходимые для продвижения по службе: {reg10}/{reg11}
mno_pas_enlistment_menu_join_battle|Присоединиться к битве против {s1}.
mno_pas_enlistment_menu_talk_to_commander|Поговорить со своим командиром.
mno_pas_enlistment_menu_continue|Продолжать службу.
mno_pas_enlistment_menu_retire|Уйти со службы.
menu_pas_enlistment_reassign|Вы переназначаетесь к {s1}.
mno_pas_enlistment_reassign_continue|Далее...
menu_pas_enlistment_end_service_no_lords|Все армии потерпели поражение, поэтому вы увольняетесь со службы.
mno_pas_enlistment_end_service_no_lords_continue|Далее...
menu_pas_enlistment_promoted|Вас повысили до {s1}.
menu_ww1_event1|Наследник престола {s1} убит!^Эрцгерцог Франц Фердинанд {s1} и его жена Софи, герцогиня Хоэнберг, были застрелены студентом из боснийских сербов во время их официального визита в Сараево. ^ Австрийское общественное мнение рассматривает трагедию как результат хорошо подготовленного заговора. Наследнику престола посоветовали не отправляться в это путешествие, так как некоторые головорезы планировали покушение на его жизнь. Однако он проигнорировал предупреждение и продолжил свой визит. ^ Ранее в тот же день они пережили первую попытку нападения, когда в их машину бросили гранату. Пара не пострадала и после короткого пребывания в городском совете настояла на том, чтобы увидеть тех, кто был ранен в результате взрыва. Именно тогда убийца воспользовался своим шансом и совершил атаку.^Когда престарелому императору сообщили новость об убийстве эрцгерцога Франца Фердинанда, он воскликнул: "Ужасно, ужасно! Меня ничего не щадят".^Сообщается, что несколько боснийцев и сербов были арестованы в Сараево за соучастие в заговоре, который, как говорят, имеет широкие последствия. Напряженность достигла своего пика, и происходят демонстрации.
menu_ww1_event2|Инциденты в Сараево доказали существование подрывного движения, целью которого является отделение определенных территорий от {s1}. ^ Его движение, возникшее на глазах у сербских властей, впоследствии нашло выражение за пределами своей территории в террористических актах и убийствах.^Из заявлений и признаний преступников ясно, что убийство было задумано в Белграде. Чтобы предотвратить эскалацию, {s2} должен осудить эти идеи и участие своих подданных в преступной деятельности и пообещать действовать с максимальной строгостью в отношении любого, кто станет виновным.^Правительство {s1}, кроме того, обязуется: ^1. подавлять каждую публикацию, которая будет разжигать ненависть и презрение к монархии, против территориальной целостности или которая может способствовать этой кампании ^ 2. распустить все преступные объединения, конфисковать их средства пропаганды и принять такие меры, которые необходимы для обеспечения того, чтобы они не могли продолжать свою деятельность под другими названиями или формами^3. отстранить от военной и гражданской службы всех тех, кто был виновен в ведении пропаганды против Австро-Венгрии^4. согласиться на сотрудничество в Сербии органов Австро-венгерского правительства в подавлении подрывного движения^5. возбудить судебное расследование в отношении участников заговора, которые могут быть найдены на территории Сербии; органы Австро-венгерского правительства, делегированные для этой цели, примут участие в предстоящем разбирательстве ^6. предотвратить участие сербских властей в контрабанде оружия и взрывчатых веществ через границу и строго наказать тех, кто помогал преступникам ^7. чтобы дать объяснения Австро-венгерскому правительству относительно неоправданных высказываний высокопоставленных чиновников в Сербии и за рубежом, которые, не считаясь со своим положением, не колеблясь высказывались враждебно по отношению к Австро-Венгрии^ Правительство {s1} ожидает ответа Королевского правительства.
menu_ww1_event3|Правительство {s2} получило сообщение правительства {s1} и убеждено, что его ответ устранит любое недоразумение, угрожающее разрушить дружественные и добрососедские отношения ^ Правительство Сербии обязуется далее: ^1. строго наказывать разжигание ненависти и презрения к {s1} и его территориальной целостности и пресекать все публикации, которые могут способствовать этой кампании^2. распустить Нарону Одбрану, а также каждое общество, которое должно противостоять {s1}^3. уволить тех, кто принадлежит к военным и гражданским службам, которые были доказаны судебным расследованием виновными в действиях против {s1} ^4. согласиться на любое сотрудничество, которое не противоречит международному и уголовному праву, но признает, что неясно смысл и объем требования разрешить сотрудничество австро-венгерских должностных лиц на территории Сербии ^5. начать расследование в отношении всех участников заговора, находящихся на его территории. Что касается сотрудничества в этом расследовании австрийских должностных лиц, то это не может быть принято, поскольку это является нарушением конституции и уголовного судопроизводства^6. усилить и утвердить существующие меры по борьбе с контрабандой оружия и взрывчатых веществ и строго наказать тех, кто помогал преступникам^7. дать объяснения по поводу высказываний, сделанных его должностными лицами, которые могли быть враждебными по отношению к {s1}, и, как только австрийское правительство укажет, где они были сделаны, и докажет, что они действительно были сделаны заинтересованными лицами, позаботиться о том, чтобы были собраны необходимые доказательства и доказательства ^^ Правительство Сербии считает, что в общих интересах не торопиться с решением этого дела, и поэтому, в случае, если правительство {s1} не должно считать себя удовлетворенным, готово принять мирное решение, будь то путем обращения в Международный суд или предоставив это решению Великих держав, которые участвовали в разработке декларации, данной {s2}, когда она отказалась от позиции протеста и оппозиции аннексии Боснии и Герцеговины.
mno_ww1_event3_austria_start_war|{s1}
mno_ww1_event3_austria_dont_start_war|Отозвать требования.
menu_balkanwars_event1|Балканская лига
mno_balkanwars_event1_join|{s1}
mno_balkanwars_event1_dont_join|Не вступайть в лигу.
menu_balkanwars_event2|Война против Османской империи
menu_balkanwars_event3|Война против Болгарии
mno_balkanwars_event3_s1|{s1}
mno_balkanwars_event3_dont_take_part|Не участвать в этой войне.
menu_pas_civil_war_side_choose|Нация, которой вы дали клятву, теперь расколота на две враждующие группировки. Вы вольны выбирать, на чьей стороне сражаться, и ваши солдаты готовы следовать за вами, какую бы сторону вы ни выбрали.
mno_pas_civil_war_side_choose_option1|Присоединяйтесь к революции и сражайтесь с последователями старого режима в гражданской войне.
mno_pas_civil_war_side_choose_option2|Сохраняйте верность старому правительству и боритесь с революционерами.
menu_socialism_demonstration|Демонстрации в {s2}!^^ Большие группы сформировались в знак протеста против предполагаемых недостатков экономической политики страны в {s2}.^Десятки протестующих в громкой поддержке {s3} провели мирный митинг, чтобы выразить недовольство положением дел в {s1}.^ Протестующие, состоящие из представителей всех слоев общества, будь то молодежь или пожилые люди, прошли более 5 километров по главному бульвару города.^ Несмотря на усиленное присутствие правоохранительных органов на всем протяжении маршрута, протестующие открыто выражали презрение к правительству, скандируя песни протеста.^По прибытии в {s2}, большая часть толпы начала петь "Интернационал", в то время как многие другие осуждали то, как {s1} справился с недавними событиями.^^ После этого проявления явной симпатии к социализму полиция окружила группу протеста, перекрыв дороги, ведущие на площадь.
mno_socialism_demonstration_option1|Игнорировать демонстрацию и ждать, пока она исчезнет.
mno_socialism_demonstration_option2|Разогнать толпу с помощью полиции, избегая жертв.
mno_socialism_demonstration_option3|Разогнать толпу силами полиции, разрешив применение огнестрельного оружия.
menu_socialism_riot|Бунт в {s2}!^^ После постоянных страданий от жестокого обращения и плохих условий труда профсоюзы работников устроили бунт в {s2}, чтобы выразить свое недовольство правительством, они начали ходить по улицам, скандируя "Интернационал", они принесли самодельное оружие, такое как дубинки, деревянные доски и другие, и начали разрушать несколько зданий, разбивая окна, мебель и даже сожгли некоторые здания до неузнаваемости, а затем они направляются к зданию правительства. Распевали песни и выкрикивали оскорбления в адрес охранников, охранявших здание. Ситуация быстро обострилась, и охранники быстро потеряли контроль над толпой, а рабочие стали очень агрессивными, что значительно ухудшило ситуацию.
mno_socialism_riot_option1|Подавлять бунтовщиков, избегая насилия.
mno_socialism_riot_option2|Подавлять бунтовщиков, применяя летальное оружие.
menu_socialism_rebellion|Восстание социалистического движения!^^С вооруженными элементами, принадлежащими ко всему спектру национальной политики, и открытыми драками и убийствами на улицах нашей страны гражданская война кажется неизбежной. Социалистические ополченцы сплотились в столице и промышленных центрах и, похоже, намерены свергнуть национальное правительство, в то время как многочисленные протесты переросли в откровенные беспорядки, поджигая административные здания в результате окончательной эскалации напряженности.
mno_socialism_rebellion_option1|Подавлять мятежников силой.
mno_socialism_rebellion_option2|Присоединяйтесь к повстанцам в социалистической революции.
menu_socialism_rebellion_won|Революция!^^ После поражения правительственной армии {s1} лидеры восстания провозгласили социалистическую революцию. В некоторых местах солдаты восстали, чтобы присоединиться к делу революции, что создало для нации большую угрозу. Остальная часть нации скоро вступит в новый конфликт, либо присоединившись к революции, либо поддержав старый режим.
mno_socialism_rebellion_won_option1|Продолжать сражаться, собирая верных командиров для борьбы с революционерами в гражданской войне.
mno_socialism_rebellion_won_option2|Присоединить к революции и сражайтесь с последователями старого режима в гражданской войне.
menu_liberal_demonstration|Демонстрации в {s2}!^^ Идеалы продолжающейся революции в Европе распространяются. Профсоюзные организаторы, рабочие и значительная часть интеллигенции объединились в знак протеста на улицах {s2}, требуя немедленных реформ. Выступления ведущих представителей одного из самых плодовитых движений в городе привели толпу в откровенный гнев, и реакция правительства решительно повлияет на результаты дня.
mno_liberal_demonstration_option1|Игнорировать демонстрацию и ждать, пока она исчезнет.
mno_liberal_demonstration_option2|Разогнать толпу с помощью полиции, избегая жертв.
mno_liberal_demonstration_option3|Разогнать толпу силами полиции, разрешив применение огнестрельного оружия.
menu_liberal_riot|Бунт в {s2}!^^ После того, как более ранний протест был подавлен правительственными войсками, а мужчины и женщины погибли на улице, движение пришло к насильственному консенсусу. Теперь вооруженная большая толпа движется к правительственному району, готовая отомстить за резню.
mno_liberal_riot_option1|Подавлять бунтовщиков, избегая насилия.
mno_liberal_riot_option2|Подавлять бунтовщиков, применяя летальные средства.
menu_liberal_rebellion|Восстание либерального движения!^^ Вспыхнуло восстание. Беспорядки распространились по всем улицам столицы, и правительство должно принять немедленное решение. Они могли бы подавить восстание с помощью военной силы или договориться с повстанцами, но любой неверный шаг обернулся бы катастрофой.
mno_liberal_rebellion_option1|Подавлять мятежников силой.
mno_liberal_rebellion_option2|Присоединиться к повстанцам в демократической революции.
mno_liberal_rebellion_option3|Вести переговоры с повстанцами, предлагая создать парламент.
menu_liberal_rebellion_won|Революция!^^ После поражения правительственной армии лидеры революционного движения провозгласили победу. В настоящее время разрабатывается новая конституция, и международные эксперты ожидают широкомасштабных либеральных реформ и полного реформирования правительства.
mno_liberal_rebellion_won_option1|Дальше сражаться, собирая верных командиров для борьбы с революционерами в гражданской войне.
mno_liberal_rebellion_won_option2|Присоединиться к революции и установить демократическое правительство.
